Scenario_Full_ID,M_Opt,Max_Value,Error_Rate,Error_Type,Pos_Errors,Neg_Errors,Seeded_Population_Rate,Config_ID,Avg_Time_Sec,Avg_Generations,Avg_Found_M,Avg_Distance_From_Opt
M40_Max250_Clean_Seed0%_CfgA,40,250,0.0,none,0,0,0.0,A,7.1338,44.5,51.7,11.7
M40_Max250_Clean_Seed0%_CfgB,40,250,0.0,none,0,0,0.0,B,11.3263,40.4,50.9,10.9
M40_Max250_Clean_Seed2%_CfgA,40,250,0.0,none,0,0,0.02,A,6.1444,42.2,50.3,10.3
M40_Max250_Clean_Seed0%_CfgC,40,250,0.0,none,0,0,0.0,C,21.0424,32,51.8,11.8
M40_Max250_Clean_Seed2%_CfgB,40,250,0.0,none,0,0,0.02,B,13.2404,49.8,49.3,9.3
M40_Max250_Err2%_pos_Seed0%_CfgA,40,250,0.02,pos,16,0,0.0,A,6.8475,46.3,51.9,11.9
M40_Max250_Clean_Seed2%_CfgC,40,250,0.0,none,0,0,0.02,C,23.7887,39,48.3,8.3
M40_Max250_Err2%_pos_Seed0%_CfgB,40,250,0.02,pos,16,0,0.0,B,13.3872,46.2,51.5,11.5
M40_Max250_Err2%_pos_Seed2%_CfgA,40,250,0.02,pos,16,0,0.02,A,6.4155,42.8,52.3,12.3
M40_Max250_Err2%_pos_Seed2%_CfgB,40,250,0.02,pos,16,0,0.02,B,13.1838,45.2,51.7,11.7
M40_Max250_Err2%_pos_Seed0%_CfgC,40,250,0.02,pos,16,0,0.0,C,29.3883,41.8,52.5,12.5
M40_Max250_Err2%_neg_Seed0%_CfgA,40,250,0.02,neg,0,16,0.0,A,5.9252,43,51.4,11.4
M40_Max250_Err2%_neg_Seed0%_CfgB,40,250,0.02,neg,0,16,0.0,B,11.9702,44.6,50.7,10.7
M40_Max250_Err2%_pos_Seed2%_CfgC,40,250,0.02,pos,16,0,0.02,C,31.1561,45.7,52,12
M40_Max250_Err2%_neg_Seed2%_CfgA,40,250,0.02,neg,0,16,0.02,A,5.0972,36.6,50,10
M40_Max250_Err2%_neg_Seed0%_CfgC,40,250,0.02,neg,0,16,0.0,C,22.4084,33.8,51.4,11.4
M40_Max250_Err2%_neg_Seed2%_CfgB,40,250,0.02,neg,0,16,0.02,B,10.7562,40.8,50,10
M40_Max250_Err2%_both_Seed0%_CfgA,40,250,0.02,both,16,16,0.0,A,5.3392,36.8,51.8,11.8
M40_Max250_Err2%_neg_Seed2%_CfgC,40,250,0.02,neg,0,16,0.02,C,19.1271,30.7,49.4,9.4
M40_Max250_Err2%_both_Seed0%_CfgB,40,250,0.02,both,16,16,0.0,B,9.9274,34.7,51.5,11.5
M40_Max250_Err2%_both_Seed2%_CfgA,40,250,0.02,both,16,16,0.02,A,5.9227,41.4,51.6,11.6
M40_Max250_Err2%_both_Seed0%_CfgC,40,250,0.02,both,16,16,0.0,C,25.391,36.9,52.2,12.2
M40_Max250_Err2%_both_Seed2%_CfgB,40,250,0.02,both,16,16,0.02,B,13.1736,45.9,51.5,11.5
M40_Max250_Err5%_pos_Seed0%_CfgA,40,250,0.05,pos,39,0,0.0,A,5.744,36.9,53.2,13.2
M40_Max250_Err2%_both_Seed2%_CfgC,40,250,0.02,both,16,16,0.02,C,24.3636,34.8,52.3,12.3
M40_Max250_Err5%_pos_Seed0%_CfgB,40,250,0.05,pos,39,0,0.0,B,12.3491,40.8,52.7,12.7
M40_Max250_Err5%_pos_Seed2%_CfgA,40,250,0.05,pos,39,0,0.02,A,8.1347,52.2,52.5,12.5
M40_Max250_Err5%_pos_Seed0%_CfgC,40,250,0.05,pos,39,0,0.0,C,25.983,36.5,53,13
M40_Max250_Err5%_pos_Seed2%_CfgB,40,250,0.05,pos,39,0,0.02,B,12.4439,41.5,52.5,12.5
M40_Max250_Err5%_neg_Seed0%_CfgA,40,250,0.05,neg,0,39,0.0,A,4.9244,35.9,50.8,10.8
M40_Max250_Err5%_pos_Seed2%_CfgC,40,250,0.05,pos,39,0,0.02,C,26.7331,37,53.3,13.3
M40_Max250_Err5%_neg_Seed0%_CfgB,40,250,0.05,neg,0,39,0.0,B,11.6653,44.5,49.8,9.8
M40_Max250_Err5%_neg_Seed2%_CfgA,40,250,0.05,neg,0,39,0.02,A,5.7921,39.8,50.6,10.6
M40_Max250_Err5%_neg_Seed2%_CfgB,40,250,0.05,neg,0,39,0.02,B,17.3845,48.8,50,10
M40_Max250_Err5%_neg_Seed0%_CfgC,40,250,0.05,neg,0,39,0.0,C,28.6173,40.8,50.4,10.4
M40_Max250_Err5%_both_Seed0%_CfgA,40,250,0.05,both,39,39,0.0,A,12.5748,42.7,52,12
M40_Max250_Err5%_neg_Seed2%_CfgC,40,250,0.05,neg,0,39,0.02,C,38.1776,37.2,50.7,10.7
M40_Max250_Err5%_both_Seed0%_CfgB,40,250,0.05,both,39,39,0.0,B,18.7874,45.1,51.3,11.3
M40_Max250_Err5%_both_Seed2%_CfgA,40,250,0.05,both,39,39,0.02,A,8.9334,41.8,52.2,12.2
M40_Max250_Err5%_both_Seed2%_CfgB,40,250,0.05,both,39,39,0.02,B,13.6819,40,51.9,11.9
M40_Max250_Err5%_both_Seed0%_CfgC,40,250,0.05,both,39,39,0.0,C,42.6679,39,52.5,12.5
M40_Max500_Clean_Seed0%_CfgA,40,500,0.0,none,0,0,0.0,A,13.1712,34.7,61.9,21.9
M40_Max250_Err5%_both_Seed2%_CfgC,40,250,0.05,both,39,39,0.02,C,32.1199,40.5,52,12
M40_Max500_Clean_Seed0%_CfgB,40,500,0.0,none,0,0,0.0,B,30.3361,42.7,61.2,21.2
M40_Max500_Clean_Seed2%_CfgA,40,500,0.0,none,0,0,0.02,A,11.9721,37.8,54.2,14.2
M40_Max500_Clean_Seed2%_CfgB,40,500,0.0,none,0,0,0.02,B,14.7421,29.7,48.6,8.6
M40_Max500_Clean_Seed0%_CfgC,40,500,0.0,none,0,0,0.0,C,60.7615,34.4,61.7,21.7
M40_Max500_Err2%_pos_Seed0%_CfgA,40,500,0.02,pos,16,0,0.0,A,14.2773,39.3,62.5,22.5
M40_Max500_Err2%_pos_Seed0%_CfgB,40,500,0.02,pos,16,0,0.0,B,31.98,42.2,61.6,21.6
M40_Max500_Clean_Seed2%_CfgC,40,500,0.0,none,0,0,0.02,C,36.7429,27.4,42.2,2.2
M40_Max500_Err2%_pos_Seed2%_CfgA,40,500,0.02,pos,16,0,0.02,A,15.8089,41.4,61.6,21.6
M40_Max500_Err2%_pos_Seed0%_CfgC,40,500,0.02,pos,16,0,0.0,C,68.3328,33.3,62.9,22.9
M40_Max500_Err2%_pos_Seed2%_CfgB,40,500,0.02,pos,16,0,0.02,B,29.1667,39.9,60.6,20.6
M40_Max500_Err2%_neg_Seed0%_CfgA,40,500,0.02,neg,0,16,0.0,A,16.6154,51,59.4,19.4
M40_Max500_Err2%_neg_Seed0%_CfgB,40,500,0.02,neg,0,16,0.0,B,27.0418,43.1,60.6,20.6
M40_Max500_Err2%_pos_Seed2%_CfgC,40,500,0.02,pos,16,0,0.02,C,65.615,37.2,61.2,21.2
M40_Max500_Err2%_neg_Seed2%_CfgA,40,500,0.02,neg,0,16,0.02,A,10.4446,34.9,58.2,18.2
M40_Max500_Err2%_neg_Seed2%_CfgB,40,500,0.02,neg,0,16,0.02,B,19.2056,36.4,54.2,14.2
M40_Max500_Err2%_neg_Seed0%_CfgC,40,500,0.02,neg,0,16,0.0,C,59.5465,35.5,61.7,21.7
M40_Max500_Err2%_both_Seed0%_CfgA,40,500,0.02,both,16,16,0.0,A,11.7589,37.1,61.4,21.4
M40_Max500_Err2%_both_Seed0%_CfgB,40,500,0.02,both,16,16,0.0,B,25.8847,39.9,62,22
M40_Max500_Err2%_neg_Seed2%_CfgC,40,500,0.02,neg,0,16,0.02,C,49.6848,37,48.9,8.9
M40_Max500_Err2%_both_Seed2%_CfgA,40,500,0.02,both,16,16,0.02,A,14.0097,43.4,61.5,21.5
M40_Max500_Err2%_both_Seed0%_CfgC,40,500,0.02,both,16,16,0.0,C,52.0193,30.7,62.6,22.6
M40_Max500_Err2%_both_Seed2%_CfgB,40,500,0.02,both,16,16,0.02,B,26.0205,41.9,60.9,20.9
M40_Max500_Err5%_pos_Seed0%_CfgA,40,500,0.05,pos,39,0,0.0,A,14.2911,41.1,63.3,23.3
M40_Max500_Err2%_both_Seed2%_CfgC,40,500,0.02,both,16,16,0.02,C,49.557,29.8,61.8,21.8
M40_Max500_Err5%_pos_Seed0%_CfgB,40,500,0.05,pos,39,0,0.0,B,28.802,43.8,62,22
M40_Max500_Err5%_pos_Seed2%_CfgA,40,500,0.05,pos,39,0,0.02,A,13.4149,38.5,62.9,22.9
M40_Max500_Err5%_pos_Seed0%_CfgC,40,500,0.05,pos,39,0,0.0,C,51.8019,29.2,63.8,23.8
M40_Max500_Err5%_pos_Seed2%_CfgB,40,500,0.05,pos,39,0,0.02,B,24.5734,37.9,62.1,22.1
M40_Max500_Err5%_neg_Seed0%_CfgA,40,500,0.05,neg,0,39,0.0,A,11.7227,37.1,61.3,21.3
M40_Max500_Err5%_pos_Seed2%_CfgC,40,500,0.05,pos,39,0,0.02,C,54.1547,30.8,63.6,23.6
M40_Max500_Err5%_neg_Seed0%_CfgB,40,500,0.05,neg,0,39,0.0,B,24.5871,40.9,60.1,20.1
M40_Max500_Err5%_neg_Seed2%_CfgA,40,500,0.05,neg,0,39,0.02,A,10.9864,38.9,56.5,16.5
M40_Max500_Err5%_neg_Seed0%_CfgC,40,500,0.05,neg,0,39,0.0,C,49.2035,30.7,61.1,21.1
M40_Max500_Err5%_neg_Seed2%_CfgB,40,500,0.05,neg,0,39,0.02,B,27.362,56,50.9,10.9
M40_Max500_Err5%_both_Seed0%_CfgA,40,500,0.05,both,39,39,0.0,A,12.8306,37.4,62.9,22.9
M40_Max500_Err5%_neg_Seed2%_CfgC,40,500,0.05,neg,0,39,0.02,C,52.8747,33.8,59.7,19.7
M40_Max500_Err5%_both_Seed0%_CfgB,40,500,0.05,both,39,39,0.0,B,30.0213,45.6,62.1,22.1
M40_Max500_Err5%_both_Seed2%_CfgA,40,500,0.05,both,39,39,0.02,A,12.2652,36.7,62.1,22.1
M40_Max500_Err5%_both_Seed2%_CfgB,40,500,0.05,both,39,39,0.02,B,23.2123,36.6,62,22
M40_Max500_Err5%_both_Seed0%_CfgC,40,500,0.05,both,39,39,0.0,C,57.9824,33.8,62.3,22.3
M40_Max750_Clean_Seed0%_CfgA,40,750,0.0,none,0,0,0.0,A,25.0072,46.6,69.2,29.2
M40_Max500_Err5%_both_Seed2%_CfgC,40,500,0.05,both,39,39,0.02,C,52.0033,30.2,62.9,22.9
M40_Max750_Clean_Seed0%_CfgB,40,750,0.0,none,0,0,0.0,B,49.5488,51.3,65.6,25.6
M40_Max750_Clean_Seed2%_CfgA,40,750,0.0,none,0,0,0.02,A,10.1324,27,48.1,8.1
M40_Max750_Clean_Seed2%_CfgB,40,750,0.0,none,0,0,0.02,B,14.2252,25.2,43,3
M40_Max750_Clean_Seed0%_CfgC,40,750,0.0,none,0,0,0.0,C,93.1173,32.6,69.3,29.3
M40_Max750_Clean_Seed2%_CfgC,40,750,0.0,none,0,0,0.02,C,53.9743,25.6,42.6,2.6
M40_Max750_Err2%_pos_Seed0%_CfgA,40,750,0.02,pos,16,0,0.0,A,20.7946,36.7,70.7,30.7
M40_Max750_Err2%_pos_Seed0%_CfgB,40,750,0.02,pos,16,0,0.0,B,48.4088,46.5,68.7,28.7
M40_Max750_Err2%_pos_Seed2%_CfgA,40,750,0.02,pos,16,0,0.02,A,19.4351,36.5,69.3,29.3
M40_Max750_Err2%_pos_Seed0%_CfgC,40,750,0.02,pos,16,0,0.0,C,86.6082,29.4,69.8,29.8
M40_Max750_Err2%_pos_Seed2%_CfgB,40,750,0.02,pos,16,0,0.02,B,40.7271,45.2,63.1,23.1
M40_Max750_Err2%_neg_Seed0%_CfgA,40,750,0.02,neg,0,16,0.0,A,19.2933,37,68.8,28.8
M40_Max750_Err2%_pos_Seed2%_CfgC,40,750,0.02,pos,16,0,0.02,C,83.2061,29.6,67.5,27.5
M40_Max750_Err2%_neg_Seed0%_CfgB,40,750,0.02,neg,0,16,0.0,B,46.6752,48.6,66.4,26.4
M40_Max750_Err2%_neg_Seed2%_CfgA,40,750,0.02,neg,0,16,0.02,A,13.5022,31.4,56.3,16.3
M40_Max750_Err2%_neg_Seed0%_CfgC,40,750,0.02,neg,0,16,0.0,C,87.7875,31.9,68.4,28.4
M40_Max750_Err2%_neg_Seed2%_CfgB,40,750,0.02,neg,0,16,0.02,B,35.8888,42.6,56.1,16.1
M40_Max750_Err2%_both_Seed0%_CfgA,40,750,0.02,both,16,16,0.0,A,18.2887,33.9,69.9,29.9
M40_Max750_Err2%_neg_Seed2%_CfgC,40,750,0.02,neg,0,16,0.02,C,72.6328,31.1,54.6,14.6
M40_Max750_Err2%_both_Seed0%_CfgB,40,750,0.02,both,16,16,0.0,B,49.8907,51.1,67.2,27.2
M40_Max750_Err2%_both_Seed0%_CfgC,40,750,0.02,both,16,16,0.0,C,89.9665,31.1,69.8,29.8
M40_Max750_Err2%_both_Seed2%_CfgA,40,750,0.02,both,16,16,0.02,A,20.738,39.2,67.8,27.8
M40_Max750_Err2%_both_Seed2%_CfgB,40,750,0.02,both,16,16,0.02,B,42.9723,43.4,67.2,27.2
M40_Max750_Err5%_pos_Seed0%_CfgA,40,750,0.05,pos,39,0,0.0,A,21.3397,39.1,70.4,30.4
M40_Max750_Err2%_both_Seed2%_CfgC,40,750,0.02,both,16,16,0.02,C,89.2287,32.1,67.3,27.3
M40_Max750_Err5%_pos_Seed0%_CfgB,40,750,0.05,pos,39,0,0.0,B,45.177,40.8,70.9,30.9
M40_Max750_Err5%_pos_Seed2%_CfgA,40,750,0.05,pos,39,0,0.02,A,21.873,39,70.2,30.2
M40_Max750_Err5%_pos_Seed0%_CfgC,40,750,0.05,pos,39,0,0.0,C,93.7708,31.4,71.1,31.1
M40_Max750_Err5%_pos_Seed2%_CfgB,40,750,0.05,pos,39,0,0.02,B,46.0635,44.2,69,29
M40_Max750_Err5%_neg_Seed0%_CfgA,40,750,0.05,neg,0,39,0.0,A,19.1983,38.6,67.7,27.7
M40_Max750_Err5%_pos_Seed2%_CfgC,40,750,0.05,pos,39,0,0.02,C,94.4533,31,70.3,30.3
M40_Max750_Err5%_neg_Seed0%_CfgB,40,750,0.05,neg,0,39,0.0,B,43.1527,45.3,67.1,27.1
M40_Max750_Err5%_neg_Seed2%_CfgA,40,750,0.05,neg,0,39,0.02,A,17.1653,35.5,64.6,24.6
M40_Max750_Err5%_neg_Seed0%_CfgC,40,750,0.05,neg,0,39,0.0,C,89.7038,31.9,68.9,28.9
M40_Max750_Err5%_neg_Seed2%_CfgB,40,750,0.05,neg,0,39,0.02,B,35.785,43.1,57.6,17.6
M40_Max750_Err5%_both_Seed0%_CfgA,40,750,0.05,both,39,39,0.0,A,19.0452,35.1,69.7,29.7
M40_Max750_Err5%_neg_Seed2%_CfgC,40,750,0.05,neg,0,39,0.02,C,82.0144,33.6,62.3,22.3
M40_Max750_Err5%_both_Seed0%_CfgB,40,750,0.05,both,39,39,0.0,B,40.4145,38.5,69.9,29.9
M40_Max750_Err5%_both_Seed0%_CfgC,40,750,0.05,both,39,39,0.0,C,77.3547,25.9,70.6,30.6
M40_Max750_Err5%_both_Seed2%_CfgA,40,750,0.05,both,39,39,0.02,A,23.6889,43.5,69.4,29.4
M40_Max750_Err5%_both_Seed2%_CfgB,40,750,0.05,both,39,39,0.02,B,52.6667,49.9,69,29
M40_Max750_Err5%_both_Seed2%_CfgC,40,750,0.05,both,39,39,0.02,C,78.5769,28,69.7,29.7
M40_Max1000_Clean_Seed0%_CfgA,40,1000,0.0,none,0,0,0.0,A,23.0649,32.2,74.2,34.2
M40_Max1000_Clean_Seed0%_CfgB,40,1000,0.0,none,0,0,0.0,B,56.0073,39.8,72.1,32.1
M40_Max1000_Clean_Seed2%_CfgA,40,1000,0.0,none,0,0,0.02,A,10.1995,25,40,0
M40_Max1000_Clean_Seed0%_CfgC,40,1000,0.0,none,0,0,0.0,C,108.2813,27.3,74.5,34.5
M40_Max1000_Clean_Seed2%_CfgB,40,1000,0.0,none,0,0,0.02,B,22.8357,26.1,46.9,6.9
M40_Max1000_Clean_Seed2%_CfgC,40,1000,0.0,none,0,0,0.02,C,68.969,25,40,0
M40_Max1000_Err2%_pos_Seed0%_CfgA,40,1000,0.02,pos,16,0,0.0,A,22.7951,29.6,76,36
M40_Max1000_Err2%_pos_Seed0%_CfgB,40,1000,0.02,pos,16,0,0.0,B,56.2082,39.6,74.4,34.4
M40_Max1000_Err2%_pos_Seed2%_CfgA,40,1000,0.02,pos,16,0,0.02,A,26.8776,36.8,74.6,34.6
M40_Max1000_Err2%_pos_Seed0%_CfgC,40,1000,0.02,pos,16,0,0.0,C,112.082,27.4,75.6,35.6
M40_Max1000_Err2%_pos_Seed2%_CfgB,40,1000,0.02,pos,16,0,0.02,B,67.614,56.7,66,26
M40_Max1000_Err2%_neg_Seed0%_CfgA,40,1000,0.02,neg,0,16,0.0,A,28.0044,39.8,73.8,33.8
M40_Max1000_Err2%_pos_Seed2%_CfgC,40,1000,0.02,pos,16,0,0.02,C,106.4116,28.8,67.3,27.3
M40_Max1000_Err2%_neg_Seed0%_CfgB,40,1000,0.02,neg,0,16,0.0,B,75.0944,54.2,73.1,33.1
M40_Max1000_Err2%_neg_Seed2%_CfgA,40,1000,0.02,neg,0,16,0.02,A,21.3919,41.2,52.4,12.4
M40_Max1000_Err2%_neg_Seed0%_CfgC,40,1000,0.02,neg,0,16,0.0,C,109.3002,27.2,74.4,34.4
M40_Max1000_Err2%_neg_Seed2%_CfgB,40,1000,0.02,neg,0,16,0.02,B,49.341,48.6,50.3,10.3
M40_Max1000_Err2%_neg_Seed2%_CfgC,40,1000,0.02,neg,0,16,0.02,C,92.9972,27.7,57.7,17.7
M40_Max1000_Err2%_both_Seed0%_CfgA,40,1000,0.02,both,16,16,0.0,A,34.6838,45.2,75.5,35.5
M40_Max1000_Err2%_both_Seed0%_CfgB,40,1000,0.02,both,16,16,0.0,B,55.2414,36.1,75.8,35.8
M40_Max1000_Err2%_both_Seed2%_CfgA,40,1000,0.02,both,16,16,0.02,A,24.0236,33.8,70.6,30.6
M40_Max1000_Err2%_both_Seed0%_CfgC,40,1000,0.02,both,16,16,0.0,C,114.197,27.1,75.1,35.1
M40_Max1000_Err2%_both_Seed2%_CfgB,40,1000,0.02,both,16,16,0.02,B,66.426,52.9,68.2,28.2
M40_Max1000_Err5%_pos_Seed0%_CfgA,40,1000,0.05,pos,39,0,0.0,A,27.2037,33.6,77.6,37.6
M40_Max1000_Err2%_both_Seed2%_CfgC,40,1000,0.02,both,16,16,0.02,C,107.2283,28.5,68.5,28.5
M40_Max1000_Err5%_pos_Seed0%_CfgB,40,1000,0.05,pos,39,0,0.0,B,57.6125,35.9,77.1,37.1
M40_Max1000_Err5%_pos_Seed0%_CfgC,40,1000,0.05,pos,39,0,0.0,C,116.3283,25.8,78,38
M40_Max1000_Err5%_pos_Seed2%_CfgA,40,1000,0.05,pos,39,0,0.02,A,36.3971,45.5,77.1,37.1
M40_Max1000_Err5%_pos_Seed2%_CfgB,40,1000,0.05,pos,39,0,0.02,B,55.994,39.1,74.1,34.1
M40_Max1000_Err5%_neg_Seed0%_CfgA,40,1000,0.05,neg,0,39,0.0,A,27.1481,38.9,73.7,33.7
M40_Max1000_Err5%_pos_Seed2%_CfgC,40,1000,0.05,pos,39,0,0.02,C,116.6799,26.5,76,36
M40_Max1000_Err5%_neg_Seed0%_CfgB,40,1000,0.05,neg,0,39,0.0,B,48.1308,36.2,72.3,32.3
M40_Max1000_Err5%_neg_Seed2%_CfgA,40,1000,0.05,neg,0,39,0.02,A,27.0359,39.8,72.5,32.5
M40_Max1000_Err5%_neg_Seed0%_CfgC,40,1000,0.05,neg,0,39,0.0,C,107.859,27.6,73.9,33.9
M40_Max1000_Err5%_neg_Seed2%_CfgB,40,1000,0.05,neg,0,39,0.02,B,79.3692,63.4,66.7,26.7
M40_Max1000_Err5%_neg_Seed2%_CfgC,40,1000,0.05,neg,0,39,0.02,C,101.6896,27.4,69.7,29.7
M40_Max1000_Err5%_both_Seed0%_CfgA,40,1000,0.05,both,39,39,0.0,A,32.0674,40.9,76.3,36.3
M40_Max1000_Err5%_both_Seed0%_CfgB,40,1000,0.05,both,39,39,0.0,B,52.7004,35.2,75.9,35.9
M40_Max1000_Err5%_both_Seed0%_CfgC,40,1000,0.05,both,39,39,0.0,C,110.0864,25.7,76.3,36.3
M40_Max1000_Err5%_both_Seed2%_CfgA,40,1000,0.05,both,39,39,0.02,A,29.2068,38.2,75.2,35.2
M40_Max1000_Err5%_both_Seed2%_CfgB,40,1000,0.05,both,39,39,0.02,B,53.84,36.3,75.5,35.5
M50_Max250_Clean_Seed0%_CfgA,50,250,0.0,none,0,0,0.0,A,9.4112,41.2,61.8,11.8
M50_Max250_Clean_Seed0%_CfgB,50,250,0.0,none,0,0,0.0,B,18.6231,42.7,61.3,11.3
M40_Max1000_Err5%_both_Seed2%_CfgC,40,1000,0.05,both,39,39,0.02,C,110.1902,27.1,73.6,33.6
M50_Max250_Clean_Seed2%_CfgA,50,250,0.0,none,0,0,0.02,A,9.9007,43.9,61.1,11.1
M50_Max250_Clean_Seed2%_CfgB,50,250,0.0,none,0,0,0.02,B,16.9004,40.1,59.8,9.8
M50_Max250_Clean_Seed0%_CfgC,50,250,0.0,none,0,0,0.0,C,37.6242,36.7,61.9,11.9
M50_Max250_Err2%_pos_Seed0%_CfgA,50,250,0.02,pos,24,0,0.0,A,10.0462,43.9,61.9,11.9
M50_Max250_Clean_Seed2%_CfgC,50,250,0.0,none,0,0,0.02,C,34.356,34,61.6,11.6
M50_Max250_Err2%_pos_Seed0%_CfgB,50,250,0.02,pos,24,0,0.0,B,21.509,47.4,61.6,11.6
M50_Max250_Err2%_pos_Seed2%_CfgA,50,250,0.02,pos,24,0,0.02,A,7.958,33.6,62.9,12.9
M50_Max250_Err2%_pos_Seed2%_CfgB,50,250,0.02,pos,24,0,0.02,B,17.7223,38.8,62.1,12.1
M50_Max250_Err2%_pos_Seed0%_CfgC,50,250,0.02,pos,24,0,0.0,C,35.5774,33.7,62.6,12.6
M50_Max250_Err2%_neg_Seed0%_CfgA,50,250,0.02,neg,0,24,0.0,A,8.9115,39.1,61.7,11.7
M50_Max250_Err2%_pos_Seed2%_CfgC,50,250,0.02,pos,24,0,0.02,C,36.1643,34.5,62.3,12.3
M50_Max250_Err2%_neg_Seed0%_CfgB,50,250,0.02,neg,0,24,0.0,B,18.6265,42.7,61,11
M50_Max250_Err2%_neg_Seed2%_CfgA,50,250,0.02,neg,0,24,0.02,A,9.7343,43.6,61.2,11.2
M50_Max250_Err2%_neg_Seed2%_CfgB,50,250,0.02,neg,0,24,0.02,B,17.2005,39.9,60.8,10.8
M50_Max250_Err2%_neg_Seed0%_CfgC,50,250,0.02,neg,0,24,0.0,C,36.2052,36.2,61.3,11.3
M50_Max250_Err2%_both_Seed0%_CfgA,50,250,0.02,both,24,24,0.0,A,10.5366,47.9,61.2,11.2
M50_Max250_Err2%_neg_Seed2%_CfgC,50,250,0.02,neg,0,24,0.02,C,31.6517,31.1,61.8,11.8
M50_Max250_Err2%_both_Seed0%_CfgB,50,250,0.02,both,24,24,0.0,B,18.4256,39.9,61.7,11.7
M50_Max250_Err2%_both_Seed2%_CfgA,50,250,0.02,both,24,24,0.02,A,11.2962,49.5,61.9,11.9
M50_Max250_Err2%_both_Seed0%_CfgC,50,250,0.02,both,24,24,0.0,C,35.1104,34.3,62.2,12.2
M50_Max250_Err2%_both_Seed2%_CfgB,50,250,0.02,both,24,24,0.02,B,19.5832,43.8,61.5,11.5
M50_Max250_Err5%_pos_Seed0%_CfgA,50,250,0.05,pos,61,0,0.0,A,8.9771,35.4,63.9,13.9
M50_Max250_Err2%_both_Seed2%_CfgC,50,250,0.02,both,24,24,0.02,C,31.1682,30.4,62.2,12.2
M50_Max250_Err5%_pos_Seed0%_CfgB,50,250,0.05,pos,61,0,0.0,B,20.6461,43.3,62.7,12.7
M50_Max250_Err5%_pos_Seed2%_CfgA,50,250,0.05,pos,61,0,0.02,A,10.1702,41.4,63.5,13.5
M50_Max250_Err5%_pos_Seed0%_CfgC,50,250,0.05,pos,61,0,0.0,C,37.8847,34.2,63.9,13.9
M50_Max250_Err5%_pos_Seed2%_CfgB,50,250,0.05,pos,61,0,0.02,B,19.5897,40.6,63.2,13.2
M50_Max250_Err5%_neg_Seed0%_CfgA,50,250,0.05,neg,0,61,0.0,A,8.4402,40.1,60.5,10.5
M50_Max250_Err5%_pos_Seed2%_CfgC,50,250,0.05,pos,61,0,0.02,C,38.4991,35.6,63.3,13.3
M50_Max250_Err5%_neg_Seed0%_CfgB,50,250,0.05,neg,0,61,0.0,B,19.5863,46.2,59.9,9.9
M50_Max250_Err5%_neg_Seed2%_CfgA,50,250,0.05,neg,0,61,0.02,A,8.7184,39.5,61,11
M50_Max250_Err5%_neg_Seed0%_CfgC,50,250,0.05,neg,0,61,0.0,C,36.8601,38.1,60.9,10.9
M50_Max250_Err5%_neg_Seed2%_CfgB,50,250,0.05,neg,0,61,0.02,B,17.2868,41,59.8,9.8
M50_Max250_Err5%_both_Seed0%_CfgA,50,250,0.05,both,61,61,0.0,A,9.249,39.1,62.3,12.3
M50_Max250_Err5%_neg_Seed2%_CfgC,50,250,0.05,neg,0,61,0.02,C,37.9647,36.7,61.1,11.1
M50_Max250_Err5%_both_Seed0%_CfgB,50,250,0.05,both,61,61,0.0,B,24.4969,51.5,61.6,11.6
M50_Max250_Err5%_both_Seed2%_CfgA,50,250,0.05,both,61,61,0.02,A,9.0105,37.7,62.5,12.5
M50_Max250_Err5%_both_Seed0%_CfgC,50,250,0.05,both,61,61,0.0,C,44.0538,40.6,62.2,12.2
M50_Max250_Err5%_both_Seed2%_CfgB,50,250,0.05,both,61,61,0.02,B,19.8132,41.8,61.7,11.7
M50_Max250_Err5%_both_Seed2%_CfgC,50,250,0.05,both,61,61,0.02,C,40.0552,37.1,62.5,12.5
M50_Max500_Clean_Seed0%_CfgA,50,500,0.0,none,0,0,0.0,A,19.7287,39.5,72.7,22.7
M50_Max500_Clean_Seed0%_CfgB,50,500,0.0,none,0,0,0.0,B,37.6438,40.4,71.4,21.4
M50_Max500_Clean_Seed2%_CfgA,50,500,0.0,none,0,0,0.02,A,17.1611,36.2,70.2,20.2
M50_Max500_Clean_Seed0%_CfgC,50,500,0.0,none,0,0,0.0,C,69.1854,28.1,73.2,23.2
M50_Max500_Clean_Seed2%_CfgB,50,500,0.0,none,0,0,0.02,B,28.1499,33.3,65.3,15.3
M50_Max500_Err2%_pos_Seed0%_CfgA,50,500,0.02,pos,24,0,0.0,A,18.0155,36.3,73.2,23.2
M50_Max500_Clean_Seed2%_CfgC,50,500,0.0,none,0,0,0.02,C,68.7812,32.2,60.1,10.1
M50_Max500_Err2%_pos_Seed0%_CfgB,50,500,0.02,pos,24,0,0.0,B,35.7641,36.3,73,23
M50_Max500_Err2%_pos_Seed2%_CfgA,50,500,0.02,pos,24,0,0.02,A,18.839,37.3,73.7,23.7
M50_Max500_Err2%_pos_Seed0%_CfgC,50,500,0.02,pos,24,0,0.0,C,84.6999,34.2,73.9,23.9
M50_Max500_Err2%_pos_Seed2%_CfgB,50,500,0.02,pos,24,0,0.02,B,40.1417,40.8,73.4,23.4
M50_Max500_Err2%_neg_Seed0%_CfgA,50,500,0.02,neg,0,24,0.0,A,17.4396,36.1,72.7,22.7
M50_Max500_Err2%_pos_Seed2%_CfgC,50,500,0.02,pos,24,0,0.02,C,74.2667,29.6,74.2,24.2
M50_Max500_Err2%_neg_Seed0%_CfgB,50,500,0.02,neg,0,24,0.0,B,34.5341,37.2,71.8,21.8
M50_Max500_Err2%_neg_Seed2%_CfgA,50,500,0.02,neg,0,24,0.02,A,16.263,35.5,68.2,18.2
M50_Max500_Err2%_neg_Seed0%_CfgC,50,500,0.02,neg,0,24,0.0,C,80.9655,34.8,71.7,21.7
M50_Max500_Err2%_neg_Seed2%_CfgB,50,500,0.02,neg,0,24,0.02,B,33.6812,37.8,69.9,19.9
M50_Max500_Err2%_both_Seed0%_CfgA,50,500,0.02,both,24,24,0.0,A,17.6696,36,73.1,23.1
M50_Max500_Err2%_neg_Seed2%_CfgC,50,500,0.02,neg,0,24,0.02,C,70.1736,31.1,67.1,17.1
M50_Max500_Err2%_both_Seed0%_CfgB,50,500,0.02,both,24,24,0.0,B,35.3364,37.2,72.4,22.4
M50_Max500_Err2%_both_Seed2%_CfgA,50,500,0.02,both,24,24,0.02,A,19.2429,38.9,73.7,23.7
M50_Max500_Err2%_both_Seed0%_CfgC,50,500,0.02,both,24,24,0.0,C,78.7505,32.4,73.3,23.3
M50_Max500_Err2%_both_Seed2%_CfgB,50,500,0.02,both,24,24,0.02,B,36.1668,38.3,72.6,22.6
M50_Max500_Err5%_pos_Seed0%_CfgA,50,500,0.05,pos,61,0,0.0,A,19.3937,37.5,74.7,24.7
M50_Max500_Err2%_both_Seed2%_CfgC,50,500,0.02,both,24,24,0.02,C,71.8293,30.1,72.6,22.6
M50_Max500_Err5%_pos_Seed0%_CfgB,50,500,0.05,pos,61,0,0.0,B,38.7051,38.9,74,24
M50_Max500_Err5%_pos_Seed2%_CfgA,50,500,0.05,pos,61,0,0.02,A,18.9211,37.6,74.4,24.4
M50_Max500_Err5%_pos_Seed0%_CfgC,50,500,0.05,pos,61,0,0.0,C,74.2813,29.5,74.6,24.6
M50_Max500_Err5%_pos_Seed2%_CfgB,50,500,0.05,pos,61,0,0.02,B,34.6602,34.2,74.7,24.7
M50_Max500_Err5%_neg_Seed0%_CfgA,50,500,0.05,neg,0,61,0.0,A,18.2017,39,71.2,21.2
M50_Max500_Err5%_pos_Seed2%_CfgC,50,500,0.05,pos,61,0,0.02,C,81.7525,32,74.8,24.8
M50_Max500_Err5%_neg_Seed0%_CfgB,50,500,0.05,neg,0,61,0.0,B,35.7808,40.2,70.8,20.8
M50_Max500_Err5%_neg_Seed2%_CfgA,50,500,0.05,neg,0,61,0.02,A,17.3737,37.9,70.9,20.9
M50_Max500_Err5%_neg_Seed0%_CfgC,50,500,0.05,neg,0,61,0.0,C,72.3219,31,72,22
M50_Max500_Err5%_neg_Seed2%_CfgB,50,500,0.05,neg,0,61,0.02,B,32.7047,36.7,70.8,20.8
M50_Max500_Err5%_both_Seed0%_CfgA,50,500,0.05,both,61,61,0.0,A,18.2256,36.7,73.3,23.3
M50_Max500_Err5%_neg_Seed2%_CfgC,50,500,0.05,neg,0,61,0.02,C,71.2637,32.8,69.5,19.5
M50_Max500_Err5%_both_Seed0%_CfgB,50,500,0.05,both,61,61,0.0,B,39.485,40.8,72.8,22.8
M50_Max500_Err5%_both_Seed2%_CfgA,50,500,0.05,both,61,61,0.02,A,20.2782,40.4,73.7,23.7
M50_Max500_Err5%_both_Seed0%_CfgC,50,500,0.05,both,61,61,0.0,C,73.8974,30.1,73.9,23.9
M50_Max500_Err5%_both_Seed2%_CfgB,50,500,0.05,both,61,61,0.02,B,33.9664,34.3,73.2,23.2
M50_Max750_Clean_Seed0%_CfgA,50,750,0.0,none,0,0,0.0,A,24.9854,31.5,81,31
M50_Max500_Err5%_both_Seed2%_CfgC,50,500,0.05,both,61,61,0.02,C,74.861,30.5,73.4,23.4
M50_Max750_Clean_Seed0%_CfgB,50,750,0.0,none,0,0,0.0,B,52.397,34,80.4,30.4
M50_Max750_Clean_Seed2%_CfgA,50,750,0.0,none,0,0,0.02,A,19.7857,27.8,69,19
M50_Max750_Clean_Seed0%_CfgC,50,750,0.0,none,0,0,0.0,C,108.2482,25.4,81.4,31.4
M50_Max750_Clean_Seed2%_CfgB,50,750,0.0,none,0,0,0.02,B,34.0097,27.7,62.1,12.1
M50_Max750_Err2%_pos_Seed0%_CfgA,50,750,0.02,pos,24,0,0.0,A,23.9716,28.7,82.6,32.6
M50_Max750_Clean_Seed2%_CfgC,50,750,0.0,none,0,0,0.02,C,96.7947,25.7,62.5,12.5
M50_Max750_Err2%_pos_Seed0%_CfgB,50,750,0.02,pos,24,0,0.0,B,55.9858,35.4,81.3,31.3
M50_Max750_Err2%_pos_Seed2%_CfgA,50,750,0.02,pos,24,0,0.02,A,22.9555,28.3,82.3,32.3
M50_Max750_Err2%_pos_Seed0%_CfgC,50,750,0.02,pos,24,0,0.0,C,117.2654,27.8,81.8,31.8
M50_Max750_Err2%_pos_Seed2%_CfgB,50,750,0.02,pos,24,0,0.02,B,61.8623,29.1,82.2,32.2
M50_Max750_Err2%_pos_Seed2%_CfgC,50,750,0.02,pos,24,0,0.02,C,123.0945,20.9,81.7,31.7
M50_Max750_Err2%_neg_Seed0%_CfgA,50,750,0.02,neg,0,24,0.0,A,35.0474,31.8,81.6,31.6
M50_Max750_Err2%_neg_Seed0%_CfgB,50,750,0.02,neg,0,24,0.0,B,75.9894,39,79.5,29.5
M50_Max750_Err2%_neg_Seed0%_CfgC,50,750,0.02,neg,0,24,0.0,C,121.487,24.7,80.5,30.5
M50_Max750_Err2%_neg_Seed2%_CfgA,50,750,0.02,neg,0,24,0.02,A,31.2407,34.5,77.7,27.7
M50_Max750_Err2%_neg_Seed2%_CfgB,50,750,0.02,neg,0,24,0.02,B,63.4707,35.8,72,22
M50_Max750_Err2%_neg_Seed2%_CfgC,50,750,0.02,neg,0,24,0.02,C,113.179,24.8,65.3,15.3
M50_Max750_Err2%_both_Seed0%_CfgA,50,750,0.02,both,24,24,0.0,A,31.7498,32.5,82,32
M50_Max750_Err2%_both_Seed0%_CfgB,50,750,0.02,both,24,24,0.0,B,71.9975,37.1,80.3,30.3
M50_Max750_Err2%_both_Seed0%_CfgC,50,750,0.02,both,24,24,0.0,C,122.6611,22.6,81.2,31.2
M50_Max750_Err2%_both_Seed2%_CfgA,50,750,0.02,both,24,24,0.02,A,40.1935,40,81.3,31.3
M50_Max750_Err2%_both_Seed2%_CfgB,50,750,0.02,both,24,24,0.02,B,61.1675,32.8,80.5,30.5
M50_Max750_Err2%_both_Seed2%_CfgC,50,750,0.02,both,24,24,0.02,C,122.1249,24.8,81.8,31.8
M50_Max750_Err5%_pos_Seed0%_CfgA,50,750,0.05,pos,61,0,0.0,A,37.3092,37.2,83.4,33.4
M50_Max750_Err5%_pos_Seed0%_CfgB,50,750,0.05,pos,61,0,0.0,B,64.3292,31.2,82.3,32.3
M50_Max750_Err5%_pos_Seed0%_CfgC,50,750,0.05,pos,61,0,0.0,C,123.4204,21.3,84.1,34.1
M50_Max750_Err5%_pos_Seed2%_CfgA,50,750,0.05,pos,61,0,0.02,A,33.5241,31.3,82.8,32.8
M50_Max750_Err5%_pos_Seed2%_CfgB,50,750,0.05,pos,61,0,0.02,B,89.6502,42.1,82.3,32.3
M50_Max750_Err5%_neg_Seed0%_CfgA,50,750,0.05,neg,0,61,0.0,A,35.6019,37,80.3,30.3
M50_Max750_Err5%_pos_Seed2%_CfgC,50,750,0.05,pos,61,0,0.02,C,122.8017,20.7,83.8,33.8
M50_Max750_Err5%_neg_Seed0%_CfgB,50,750,0.05,neg,0,61,0.0,B,76.2966,40.4,78.6,28.6
M50_Max750_Err5%_neg_Seed2%_CfgA,50,750,0.05,neg,0,61,0.02,A,26.0049,29,79.4,29.4
M50_Max750_Err5%_neg_Seed0%_CfgC,50,750,0.05,neg,0,61,0.0,C,120.978,23.2,79.9,29.9
M50_Max750_Err5%_neg_Seed2%_CfgB,50,750,0.05,neg,0,61,0.02,B,71.6307,40.5,75.2,25.2
M50_Max750_Err5%_both_Seed0%_CfgA,50,750,0.05,both,61,61,0.0,A,35.0819,35.5,82,32
M50_Max750_Err5%_neg_Seed2%_CfgC,50,750,0.05,neg,0,61,0.02,C,119.2865,24.3,77.3,27.3
M50_Max750_Err5%_both_Seed0%_CfgB,50,750,0.05,both,61,61,0.0,B,82.7768,39,81.7,31.7
M50_Max750_Err5%_both_Seed2%_CfgA,50,750,0.05,both,61,61,0.02,A,36.6292,33.9,81.6,31.6
M50_Max750_Err5%_both_Seed0%_CfgC,50,750,0.05,both,61,61,0.0,C,123.2606,21.8,82.1,32.1
M50_Max750_Err5%_both_Seed2%_CfgB,50,750,0.05,both,61,61,0.02,B,73.7842,38.4,81.4,31.4
M50_Max750_Err5%_both_Seed2%_CfgC,50,750,0.05,both,61,61,0.02,C,119.3935,25.8,82.6,32.6
M50_Max1000_Clean_Seed0%_CfgA,50,1000,0.0,none,0,0,0.0,A,38.3275,32.4,88.1,38.1
M50_Max1000_Clean_Seed0%_CfgB,50,1000,0.0,none,0,0,0.0,B,76.7563,32.9,88.3,38.3
M50_Max1000_Clean_Seed2%_CfgA,50,1000,0.0,none,0,0,0.02,A,26.3111,26.6,69.8,19.8
M50_Max1000_Clean_Seed0%_CfgC,50,1000,0.0,none,0,0,0.0,C,121.4529,19.1,87.5,37.5
M50_Max1000_Clean_Seed2%_CfgB,50,1000,0.0,none,0,0,0.02,B,50.1508,29.7,63.7,13.7
M50_Max1000_Clean_Seed2%_CfgC,50,1000,0.0,none,0,0,0.02,C,119.9226,23.4,53.8,3.8
M50_Max1000_Err2%_pos_Seed0%_CfgA,50,1000,0.02,pos,24,0,0.0,A,32.7056,27.8,88.7,38.7
M50_Max1000_Err2%_pos_Seed0%_CfgB,50,1000,0.02,pos,24,0,0.0,B,94.198,35.9,87.3,37.3
M50_Max1000_Err2%_pos_Seed0%_CfgC,50,1000,0.02,pos,24,0,0.0,C,123.2646,15.3,89.4,39.4
M50_Max1000_Err2%_pos_Seed2%_CfgA,50,1000,0.02,pos,24,0,0.02,A,46.4715,32.9,88.5,38.5
M50_Max1000_Err2%_pos_Seed2%_CfgB,50,1000,0.02,pos,24,0,0.02,B,83.1418,31.5,86.3,36.3
M50_Max1000_Err2%_neg_Seed0%_CfgA,50,1000,0.02,neg,0,24,0.0,A,43.8461,32.8,87.1,37.1
M50_Max1000_Err2%_pos_Seed2%_CfgC,50,1000,0.02,pos,24,0,0.02,C,123.6387,16.2,87.8,37.8
M50_Max1000_Err2%_neg_Seed0%_CfgB,50,1000,0.02,neg,0,24,0.0,B,88.4614,32.8,86.4,36.4
M50_Max1000_Err2%_neg_Seed2%_CfgA,50,1000,0.02,neg,0,24,0.02,A,37.5372,28.1,76.4,26.4
M50_Max1000_Err2%_neg_Seed0%_CfgC,50,1000,0.02,neg,0,24,0.0,C,123.5646,14.8,87.8,37.8
M50_Max1000_Err2%_neg_Seed2%_CfgB,50,1000,0.02,neg,0,24,0.02,B,88.5685,38.3,73.1,23.1
M50_Max1000_Err2%_neg_Seed2%_CfgC,50,1000,0.02,neg,0,24,0.02,C,123.0403,16.6,80,30
M50_Max1000_Err2%_both_Seed0%_CfgA,50,1000,0.02,both,24,24,0.0,A,49.5063,34.6,87.4,37.4
M50_Max1000_Err2%_both_Seed0%_CfgB,50,1000,0.02,both,24,24,0.0,B,84.6467,32,87.2,37.2
M50_Max1000_Err2%_both_Seed0%_CfgC,50,1000,0.02,both,24,24,0.0,C,125.1025,16,88.9,38.9
M50_Max1000_Err2%_both_Seed2%_CfgA,50,1000,0.02,both,24,24,0.02,A,48.0107,32.3,88.3,38.3
M50_Max1000_Err2%_both_Seed2%_CfgB,50,1000,0.02,both,24,24,0.02,B,94.465,31.3,87.7,37.7
M50_Max1000_Err2%_both_Seed2%_CfgC,50,1000,0.02,both,24,24,0.02,C,123.5957,15.4,88,38
M50_Max1000_Err5%_pos_Seed0%_CfgA,50,1000,0.05,pos,61,0,0.0,A,53.5464,35.6,89.9,39.9
M50_Max1000_Err5%_pos_Seed0%_CfgB,50,1000,0.05,pos,61,0,0.0,B,93.1066,35.3,89.5,39.5
M50_Max1000_Err5%_pos_Seed0%_CfgC,50,1000,0.05,pos,61,0,0.0,C,125.0749,15.2,90.6,40.6
M50_Max1000_Err5%_pos_Seed2%_CfgA,50,1000,0.05,pos,61,0,0.02,A,39.8471,27.8,90.6,40.6
M50_Max1000_Err5%_pos_Seed2%_CfgB,50,1000,0.05,pos,61,0,0.02,B,88.6526,28.9,89.8,39.8
M50_Max1000_Err5%_pos_Seed2%_CfgC,50,1000,0.05,pos,61,0,0.02,C,124.4972,13.9,91.1,41.1
M50_Max1000_Err5%_neg_Seed0%_CfgA,50,1000,0.05,neg,0,61,0.0,A,43.4502,31.3,87.2,37.2
M50_Max1000_Err5%_neg_Seed0%_CfgB,50,1000,0.05,neg,0,61,0.0,B,75.8065,28.5,85.9,35.9
M50_Max1000_Err5%_neg_Seed0%_CfgC,50,1000,0.05,neg,0,61,0.0,C,123.7144,17.1,86.7,36.7
M50_Max1000_Err5%_neg_Seed2%_CfgA,50,1000,0.05,neg,0,61,0.02,A,48.6388,39.4,84.8,34.8
M50_Max1000_Err5%_neg_Seed2%_CfgB,50,1000,0.05,neg,0,61,0.02,B,90.7195,38.7,80.6,30.6
M50_Max1000_Err5%_neg_Seed2%_CfgC,50,1000,0.05,neg,0,61,0.02,C,122.8586,15.9,85.9,35.9
M50_Max1000_Err5%_both_Seed0%_CfgA,50,1000,0.05,both,61,61,0.0,A,44.2434,29.7,90.3,40.3
M50_Max1000_Err5%_both_Seed0%_CfgB,50,1000,0.05,both,61,61,0.0,B,97.2096,33,89.2,39.2
M50_Max1000_Err5%_both_Seed0%_CfgC,50,1000,0.05,both,61,61,0.0,C,124.0434,15.7,89,39
M50_Max1000_Err5%_both_Seed2%_CfgA,50,1000,0.05,both,61,61,0.02,A,47.7563,36.3,89.7,39.7
M50_Max1000_Err5%_both_Seed2%_CfgB,50,1000,0.05,both,61,61,0.02,B,83.4027,32.6,88.5,38.5
M60_Max250_Clean_Seed0%_CfgA,60,250,0.0,none,0,0,0.0,A,15.9914,40.3,72,12
M50_Max1000_Err5%_both_Seed2%_CfgC,50,1000,0.05,both,61,61,0.02,C,124.0284,16.6,89.8,39.8
M60_Max250_Clean_Seed0%_CfgB,60,250,0.0,none,0,0,0.0,B,32.5785,47.6,70.6,10.6
M60_Max250_Clean_Seed2%_CfgA,60,250,0.0,none,0,0,0.02,A,18.1508,40.7,71.5,11.5
M60_Max250_Clean_Seed2%_CfgB,60,250,0.0,none,0,0,0.02,B,28.6363,33.9,71.3,11.3
M60_Max250_Clean_Seed0%_CfgC,60,250,0.0,none,0,0,0.0,C,70.7412,39.4,71.9,11.9
M60_Max250_Err2%_pos_Seed0%_CfgA,60,250,0.02,pos,35,0,0.0,A,17.6668,40.3,72.6,12.6
M60_Max250_Clean_Seed2%_CfgC,60,250,0.0,none,0,0,0.02,C,70.6213,36.8,71.5,11.5
M60_Max250_Err2%_pos_Seed0%_CfgB,60,250,0.02,pos,35,0,0.0,B,39.3122,44.5,72.2,12.2
M60_Max250_Err2%_pos_Seed2%_CfgA,60,250,0.02,pos,35,0,0.02,A,16.0772,35.9,72.7,12.7
M60_Max250_Err2%_pos_Seed0%_CfgC,60,250,0.02,pos,35,0,0.0,C,61.8359,33.3,72.4,12.4
M60_Max250_Err2%_pos_Seed2%_CfgB,60,250,0.02,pos,35,0,0.02,B,31.2919,42.3,71.8,11.8
M60_Max250_Err2%_neg_Seed0%_CfgA,60,250,0.02,neg,0,35,0.0,A,15.215,38.3,71.3,11.3
M60_Max250_Err2%_pos_Seed2%_CfgC,60,250,0.02,pos,35,0,0.02,C,59.3764,32.1,72.4,12.4
M60_Max250_Err2%_neg_Seed0%_CfgB,60,250,0.02,neg,0,35,0.0,B,38.3036,45.4,70.9,10.9
M60_Max250_Err2%_neg_Seed2%_CfgA,60,250,0.02,neg,0,35,0.02,A,14.8313,35.9,71.7,11.7
M60_Max250_Err2%_neg_Seed0%_CfgC,60,250,0.02,neg,0,35,0.0,C,72.9223,39.5,71.2,11.2
M60_Max250_Err2%_neg_Seed2%_CfgB,60,250,0.02,neg,0,35,0.02,B,32.8993,42.7,70.5,10.5
M60_Max250_Err2%_both_Seed0%_CfgA,60,250,0.02,both,35,35,0.0,A,17.2437,40,71.8,11.8
M60_Max250_Err2%_neg_Seed2%_CfgC,60,250,0.02,neg,0,35,0.02,C,67.8148,34.9,71.3,11.3
M60_Max250_Err2%_both_Seed0%_CfgB,60,250,0.02,both,35,35,0.0,B,32.9044,40.5,71.3,11.3
M60_Max250_Err2%_both_Seed2%_CfgA,60,250,0.02,both,35,35,0.02,A,19.081,42.2,71.8,11.8
M60_Max250_Err2%_both_Seed2%_CfgB,60,250,0.02,both,35,35,0.02,B,35.8343,40.2,71.6,11.6
M60_Max250_Err2%_both_Seed0%_CfgC,60,250,0.02,both,35,35,0.0,C,70.8862,36.9,71.9,11.9
M60_Max250_Err5%_pos_Seed0%_CfgA,60,250,0.05,pos,88,0,0.0,A,23.2184,45.2,73.4,13.4
M60_Max250_Err2%_both_Seed2%_CfgC,60,250,0.02,both,35,35,0.02,C,83.7011,38.1,71.9,11.9
M60_Max250_Err5%_pos_Seed0%_CfgB,60,250,0.05,pos,88,0,0.0,B,39.8425,43.9,73,13
M60_Max250_Err5%_pos_Seed2%_CfgA,60,250,0.05,pos,88,0,0.02,A,20.5289,43.1,73.7,13.7
M60_Max250_Err5%_pos_Seed2%_CfgB,60,250,0.05,pos,88,0,0.02,B,33.6566,38.1,73.2,13.2
M60_Max250_Err5%_pos_Seed0%_CfgC,60,250,0.05,pos,88,0,0.0,C,72.1446,35.6,73.8,13.8
M60_Max250_Err5%_neg_Seed0%_CfgA,60,250,0.05,neg,0,88,0.0,A,13.9232,34.2,70.7,10.7
M60_Max250_Err5%_pos_Seed2%_CfgC,60,250,0.05,pos,88,0,0.02,C,80.495,39.9,73.2,13.2
M60_Max250_Err5%_neg_Seed0%_CfgB,60,250,0.05,neg,0,88,0.0,B,37.7721,46.2,69.9,9.9
M60_Max250_Err5%_neg_Seed2%_CfgA,60,250,0.05,neg,0,88,0.02,A,18.8575,44.2,70.4,10.4
M60_Max250_Err5%_neg_Seed0%_CfgC,60,250,0.05,neg,0,88,0.0,C,77.3709,40.5,70.1,10.1
M60_Max250_Err5%_neg_Seed2%_CfgB,60,250,0.05,neg,0,88,0.02,B,32.6451,42.1,70.2,10.2
M60_Max250_Err5%_both_Seed0%_CfgA,60,250,0.05,both,88,88,0.0,A,17.7911,40.2,72.5,12.5
M60_Max250_Err5%_neg_Seed2%_CfgC,60,250,0.05,neg,0,88,0.02,C,60.809,34.7,70.8,10.8
M60_Max250_Err5%_both_Seed0%_CfgB,60,250,0.05,both,88,88,0.0,B,42.7627,46.4,72.1,12.1
M60_Max250_Err5%_both_Seed2%_CfgA,60,250,0.05,both,88,88,0.02,A,19.8823,42.9,72.7,12.7
M60_Max250_Err5%_both_Seed0%_CfgC,60,250,0.05,both,88,88,0.0,C,67.4444,33.6,72.4,12.4
M60_Max250_Err5%_both_Seed2%_CfgB,60,250,0.05,both,88,88,0.02,B,36.7553,43.4,72,12
M60_Max250_Err5%_both_Seed2%_CfgC,60,250,0.05,both,88,88,0.02,C,69.7966,37.6,72.6,12.6
M60_Max500_Clean_Seed0%_CfgA,60,500,0.0,none,0,0,0.0,A,30.4863,37.7,83.3,23.3
M60_Max500_Clean_Seed0%_CfgB,60,500,0.0,none,0,0,0.0,B,65.8724,42,81.9,21.9
